[
  {
    "AppxPackage": "Bing Search",
    "OptimizationState": "Apply",
    "URL": "https://apps.microsoft.com/detail/9nzbf4gt040c",
    "Description": "Web Search from Microsoft Bing provides web results and answers in Windows Search"
  },
  {
    "AppxPackage": "Clipchamp.Clipchamp",
    "OptimizationState": "Apply",
    "URL": "https://apps.microsoft.com/detail/9p1j8s7ccwwt",
    "Description": "Create videos with a few clicks"
  },
  {
    "AppxPackage": "Microsoft.Copilot",
    "OptimizationState": "Apply",
    "URL": "https://apps.microsoft.com/detail/9nht9rb2f4hd",
    "Description": "Microsoft AI app"
  },
  {
    "AppxPackage": "Microsoft.549981C3F5F10",
    "OptimizationState": "Apply",
    "URL": "https://apps.microsoft.com/detail/cortana/9NFFX4SZZ23L",
    "Description": "Cortana (could not update)"
  },
  {
    "AppxPackage": "Microsoft.BingNews",
    "OptimizationState": "Apply",
    "URL": "https://www.microsoft.com/en-us/p/microsoft-news/9wzdncrfhvfw",
    "Description": "Microsoft News app"
  },
  {
    "AppxPackage": "Microsoft.BingWeather",
    "OptimizationState": "Apply",
    "URL": "https://www.microsoft.com/en-us/p/msn-weather/9wzdncrfj3q2",
    "Description": "MSN Weather app"
  },
  {
    "AppxPackage": "Microsoft.DesktopAppInstaller",
    "OptimizationState": "Apply",
    "URL": "https://apps.microsoft.com/detail/9NBLGGH4NNS1",
    "Description": "Microsoft App Installer for Windows 10 makes sideloading Windows apps easy"
  },
  {
    "AppxPackage": "Microsoft.Edge.GameAssist ",
    "OptimizationState": "Apply",
    "URL": "",
    "Description": ""
  },
  {
    "AppxPackage": "Microsoft.GamingApp",
    "OptimizationState": "Apply",
    "URL": "https://www.microsoft.com/en-us/p/xbox/9mv0b5hzvk9z",
    "Description": "Xbox app"
  },
  {
    "AppxPackage": "Microsoft.GetHelp",
    "OptimizationState": "Apply",
    "URL": "https://docs.microsoft.com/en-us/windows-hardware/customize/desktop/customize-get-help-app",
    "Description": "App that facilitates free support for Microsoft products"
  },
  {
    "AppxPackage": "Microsoft.Getstarted",
    "OptimizationState": "Apply",
    "URL": "https://www.microsoft.com/en-us/p/microsoft-tips/9wzdncrdtbjj",
    "Description": "Windows 10 tips app"
  },
  {
    "AppxPackage": "Microsoft.MicrosoftOfficeHub",
    "OptimizationState": "Apply",
    "URL": "https://www.microsoft.com/en-us/p/office/9wzdncrd29v9",
    "Description": "Office UWP app suite"
  },
  {
    "AppxPackage": "Microsoft.Office.OneNote",
    "OptimizationState": "Apply",
    "URL": "https://www.microsoft.com/en-us/p/onenote-for-windows-10/9wzdncrfhvjl",
    "Description": "Office UWP OneNote app"
  },
  {
    "AppxPackage": "Microsoft.MicrosoftSolitaireCollection",
    "OptimizationState": "Apply",
    "URL": "https://www.microsoft.com/en-us/p/microsoft-solitaire-collection/9wzdncrfhwd2",
    "Description": "Solitaire suite of games"
  },
  {
    "AppxPackage": "Microsoft.MicrosoftStickyNotes",
    "OptimizationState": "Apply",
    "URL": "https://www.microsoft.com/en-us/p/microsoft-sticky-notes/9nblggh4qghw",
    "Description": "Note-taking app"
  },
  {
    "AppxPackage": "Microsoft.OutlookForWindows",
    "OptimizationState": "Apply",
    "URL": "https://apps.microsoft.com/detail/9NRX63209R7B?hl=en-us&gl=US",
    "Description": "a best-in-class email experience that is free for anyone with Windows"
  },
  {
    "AppxPackage": "Microsoft.MSPaint",
    "OptimizationState": "Skip",
    "URL": "https://apps.microsoft.com/store/detail/paint-3d/9NBLGGH5FV99",
    "Description": "Paint 3D app (not Classic Paint app)"
  },
  {
    "AppxPackage": "Microsoft.Paint",
    "OptimizationState": "Apply",
    "URL": "https://apps.microsoft.com/detail/9PCFS5B6T72H",
    "Description": "Classic Paint app"
  },
  {
    "AppxPackage": "Microsoft.People",
    "OptimizationState": "Apply",
    "URL": "https://www.microsoft.com/en-us/p/microsoft-people/9nblggh10pg8",
    "Description": "Contact management app"
  },
  {
    "AppxPackage": "Microsoft.PowerAutomateDesktop",
    "OptimizationState": "Apply",
    "URL": "https://flow.microsoft.com/en-us/desktop/",
    "Description": "Power Automate Desktop app. Record desktop and web actions in a single flow"
  },
  {
    "AppxPackage": "Microsoft.ScreenSketch",
    "OptimizationState": "Skip",
    "URL": "https://www.microsoft.com/en-us/p/snip-sketch/9mz95kl8mr0l",
    "Description": "Snip and Sketch app"
  },
  {
    "AppxPackage": "Microsoft.SkypeApp",
    "OptimizationState": "Apply",
    "URL": "https://www.microsoft.com/en-us/p/skype/9wzdncrfj364",
    "Description": "Instant message, voice or video call app"
  },
  {
    "AppxPackage": "Microsoft.StorePurchaseApp",
    "OptimizationState": "Apply",
    "URL": "",
    "Description": "Store purchase app helper"
  },
  {
    "AppxPackage": "Microsoft.Todos",
    "OptimizationState": "Apply",
    "URL": "https://www.microsoft.com/en-us/p/microsoft-to-do-lists-tasks-reminders/9nblggh5r558",
    "Description": "Microsoft To Do makes it easy to plan your day and manage your life"
  },
  {
    "AppxPackage": "Microsoft.USNationalParks",
    "OptimizationState": "Apply",
    "URL": "",
    "Description": ""
  },
  {
    "AppxPackage": "Microsoft.WinDbg.Fast",
    "OptimizationState": "Apply",
    "URL": "https://apps.microsoft.com/detail/9PGJGD53TN86?hl=en-us&gl=US",
    "Description": "Microsoft WinDbg"
  },
  {
    "AppxPackage": "Microsoft.Windows.DevHome",
    "OptimizationState": "Apply",
    "URL": "https://learn.microsoft.com/en-us/windows/dev-home/",
    "Description": "A control center providing the ability to monitor projects in your dashboard using customizable widgets and more"
  },
  {
    "AppxPackage": "Microsoft.Windows.Photos",
    "OptimizationState": "Skip",
    "URL": "https://www.microsoft.com/en-us/p/microsoft-photos/9wzdncrfjbh4",
    "Description": "Photo and video editor"
  },
  {
    "AppxPackage": "Microsoft.WindowsAlarms",
    "OptimizationState": "Skip",
    "URL": "https://www.microsoft.com/en-us/p/windows-alarms-clock/9wzdncrfj3pr",
    "Description": "A combination app, of alarm clock, world clock, timer, and stopwatch."
  },
  {
    "AppxPackage": "Microsoft.WindowsCalculator",
    "OptimizationState": "Skip",
    "URL": "https://www.microsoft.com/en-us/p/windows-calculator/9wzdncrfhvn5",
    "Description": "Microsoft Calculator app"
  },
  {
    "AppxPackage": "Microsoft.WindowsCamera",
    "OptimizationState": "Apply",
    "URL": "https://www.microsoft.com/en-us/p/windows-camera/9wzdncrfjbbg",
    "Description": "Camera app to manage photos and video"
  },
  {
    "AppxPackage": "microsoft.windowscommunicationsapps",
    "OptimizationState": "Apply",
    "URL": "https://www.microsoft.com/en-us/p/mail-and-calendar/9wzdncrfhvqm",
    "Description": "Mail & Calendar apps"
  },
  {
    "AppxPackage": "Microsoft.WindowsFeedbackHub",
    "OptimizationState": "Apply",
    "URL": "https://www.microsoft.com/en-us/p/feedback-hub/9nblggh4r32n",
    "Description": "App to provide Feedback on Windows and apps to Microsoft"
  },
  {
    "AppxPackage": "Microsoft.WindowsMaps",
    "OptimizationState": "Apply",
    "URL": "https://www.microsoft.com/en-us/p/windows-maps/9wzdncrdtbvb",
    "Description": "Microsoft Maps app"
  },
  {
    "AppxPackage": "Microsoft.WindowsNotepad",
    "OptimizationState": "Skip",
    "URL": "https://www.microsoft.com/en-us/p/windows-notepad/9msmlrh6lzf3",
    "Description": "Fast, simple text editor for plain text documents and source code files."
  },
  {
    "AppxPackage": "Microsoft.WindowsStore",
    "OptimizationState": "Apply",
    "URL": "https://blogs.windows.com/windowsexperience/2021/06/24/building-a-new-open-microsoft-store-on-windows-11/",
    "Description": "Windows Store app"
  },
  {
    "AppxPackage": "Microsoft.WindowsSoundRecorder",
    "OptimizationState": "Apply",
    "URL": "https://www.microsoft.com/en-us/p/windows-voice-recorder/9wzdncrfhwkn",
    "Description": "(Voice recorder)"
  },
  {
    "AppxPackage": "Microsoft.WindowsTerminal",
    "OptimizationState": "Skip",
    "URL": "https://www.microsoft.com/en-us/p/windows-terminal/9n0dx20hk701",
    "Description": "A terminal app featuring tabs, panes, Unicode, UTF-8 character support, and GPU text rendering engine."
  },
  {
    "AppxPackage": "Microsoft.Winget.Platform.Source",
    "OptimizationState": "Apply",
    "URL": "https://learn.microsoft.com/en-us/windows/package-manager/winget/",
    "Description": "The Winget tool enables users to manage applications on Win10 and Win11 devices. This tool is the client interface to the Windows Package Manager service"
  },
  {
    "AppxPackage": "Microsoft.Xbox.TCUI",
    "OptimizationState": "Apply",
    "URL": "https://docs.microsoft.com/en-us/gaming/xbox-live/features/general/tcui/live-tcui-overview",
    "Description": "XBox Title Callable UI (TCUI) enables your game code to call pre-defined user interface displays"
  },
  {
    "AppxPackage": "Microsoft.XboxGameOverlay",
    "OptimizationState": "Apply",
    "URL": "https://www.microsoft.com/en-us/p/xbox-game-bar/9nzkpstsnw4p",
    "Description": "Xbox Game Bar extensible overlay"
  },
  {
    "AppxPackage": "Microsoft.XboxGamingOverlay",
    "OptimizationState": "Apply",
    "URL": "https://www.microsoft.com/en-us/p/xbox-game-bar/9nzkpstsnw4p",
    "Description": "Xbox Game Bar extensible overlay"
  },
  {
    "AppxPackage": "Microsoft.XboxIdentityProvider",
    "OptimizationState": "Apply",
    "URL": "https://www.microsoft.com/en-us/p/xbox-identity-provider/9wzdncrd1hkw",
    "Description": "A system app that enables PC games to connect to Xbox Live."
  },
  {
    "AppxPackage": "Microsoft.XboxSpeechToTextOverlay",
    "OptimizationState": "Apply",
    "URL": "https://support.xbox.com/help/account-profile/accessibility/use-game-chat-transcription",
    "Description": "Xbox game transcription overlay"
  },
  {
    "AppxPackage": "Microsoft.YourPhone",
    "OptimizationState": "Apply",
    "URL": "https://www.microsoft.com/en-us/p/Your-phone/9nmpj99vjbwv",
    "Description": "Android phone to PC device interface app"
  },
  {
    "AppxPackage": "Microsoft.ZuneMusic",
    "OptimizationState": "Apply",
    "URL": "https://www.microsoft.com/en-us/p/groove-music/9wzdncrfj3pt",
    "Description": "Groove Music app"
  },
  {
    "AppxPackage": "Microsoft.ZuneVideo",
    "OptimizationState": "Apply",
    "URL": "https://www.microsoft.com/en-us/p/movies-tv/9wzdncrfj3p2",
    "Description": "Movies and TV app"
  },
  {
    "AppxPackage": "MicrosoftCorporationII.QuickAssist",
    "OptimizationState": "Apply",
    "URL": "https://apps.microsoft.com/detail/9P7BP5VNWKX5?hl=en-us&gl=US",
    "Description": "Microsoft remote help app"
  },
  {
    "AppxPackage": "MicrosoftWindows.Client.WebExperience",
    "OptimizationState": "Apply",
    "URL": "",
    "Description": "Windows 11 Internet information widget"
  },
  {
    "AppxPackage": "Microsoft.XboxApp",
    "OptimizationState": "Apply",
    "URL": "https://www.microsoft.com/store/apps/9wzdncrfjbd8",
    "Description": "Xbox 'Console Companion' app (games, friends, etc.)"
  },
  {
    "AppxPackage": "Microsoft.MixedReality.Portal",
    "OptimizationState": "Apply",
    "URL": "https://www.microsoft.com/en-us/p/mixed-reality-portal/9ng1h8b3zc7m",
    "Description": "The app that facilitates Windows Mixed Reality setup, and serves as the command center for mixed reality experiences"
  },
  {
    "AppxPackage": "Microsoft.Microsoft3DViewer",
    "OptimizationState": "Apply",
    "URL": "https://www.microsoft.com/en-us/p/3d-viewer/9nblggh42ths",
    "Description": "App to view common 3D file types"
  },
  {
    "AppxPackage": "MicrosoftTeams",
    "OptimizationState": "Skip",
    "URL": "https://apps.microsoft.com/detail/xp8bt8dw290mpq",
    "Description": "Microsoft communication platform"
  },
  {
    "AppxPackage": "MSTeams",
    "OptimizationState": "Skip",
    "URL": "https://apps.microsoft.com/detail/xp8bt8dw290mpq",
    "Description": "Microsoft communication platform"
  },
  {
    "AppxPackage": "Microsoft.OneDriveSync",
    "OptimizationState": "Skip",
    "URL": "https://docs.microsoft.com/en-us/onedrive/one-drive-sync",
    "Description": "Microsoft OneDrive sync app (included in Office 2016 or later)"
  },
  {
    "AppxPackage": "Microsoft.Wallet",
    "OptimizationState": "Apply",
    "URL": "https://www.microsoft.com/en-us/payments",
    "Description": "(Microsoft Pay) for Edge browser on certain devices"
  }
]