[
    {
        "RegItemPath": "HKLM:\\SOFTWARE\\Policies\\Microsoft\\Windows\\Windows Search",
        "RegItemValueName": "ConnectedSearchUseWeb",
        "RegItemValueType": "DWord",
        "RegItemValue": "0",
        "OptimizationState": "Apply"
    }, 
    {
        "RegItemPath": "HKLM:\\SOFTWARE\\Policies\\Microsoft\\Windows\\Windows Search",
        "RegItemValueName": "AllowCloudSearch",
        "RegItemValueType": "DWord",
        "RegItemValue": "0",
        "OptimizationState": "Apply"
    },
    {
        "RegItemPath": "HKLM:\\SYSTEM\\CurrentControlSet\\Services\\SharedAccess\\Parameters\\FirewallPolicy",
        "RegItemValueName": "DeleteUserAppContainersOnLogoff",
        "RegItemValueType": "DWord",
        "RegItemValue": "1",
        "OptimizationState": "Apply"
    },
    {
        "RegItemPath": "HKLM:\\Software\\Policies\\Microsoft\\Dsh",
        "RegItemValueName": "AllowNewsAndInterests",
        "RegItemValueType": "DWord",
        "RegItemValue": "0",
        "OptimizationState": "Apply"
    },
    {
        "RegItemPath": "HKLM:\\Software\\Policies\\Microsoft\\Windows\\Windows Feeds",
        "RegItemValueName": "EnableFeeds",
        "RegItemValueType": "DWord",
        "RegItemValue": "0",
        "OptimizationState": "Apply"
    },
    {
        "RegItemPath": "HKLM:\\SOFTWARE\\Policies\\Microsoft\\Windows\\Windows Search",
        "RegItemValueName": "EnableDynamicContentInWSB",
        "RegItemValueType": "DWord",
        "RegItemValue": "0",
        "OptimizationState": "Apply"
    },
    {
        "RegItemPath": "HKLM:\\SOFTWARE\\Microsoft\\Windows\\CurrentVersion\\Policies\\Explorer",
        "RegItemValueName": "AllowOnlineTips",
        "RegItemValueType": "DWord",
        "RegItemValue": "0",
        "OptimizationState": "Apply"
    },
    {
        "RegItemPath": "HKLM:\\SOFTWARE\\Policies\\Microsoft\\Windows\\Personalization",
        "RegItemValueName": "LockScreenImage",
        "RegItemValueType": "String",
        "RegItemValue": "C:\\Windows\\web\\screen\\img105.jpg",
        "OptimizationState": "Apply"
    },
    {
        "RegItemPath": "HKLM:\\SOFTWARE\\Policies\\Microsoft\\Windows\\Personalization",
        "RegItemValueName": "LockScreenOverlaysDisabled",
        "RegItemValueType": "DWord",
        "RegItemValue": "1",
        "OptimizationState": "Apply"
    },
    {
        "RegItemPath": "HKLM:\\SOFTWARE\\Policies\\Microsoft\\InputPersonalization",
        "RegItemValueName": "RestrictImplicitInkCollection",
        "RegItemValueType": "DWord",
        "RegItemValue": "1",
        "OptimizationState": "Apply"
    },
    {
        "RegItemPath": "HKLM:\\SOFTWARE\\Policies\\Microsoft\\InputPersonalization",
        "RegItemValueName": "RestrictImplicitTextCollection",
        "RegItemValueType": "DWord",
        "RegItemValue": "1",
        "OptimizationState": "Apply"
    },
    {
        "RegItemPath": "HKLM:\\SOFTWARE\\Policies\\Microsoft\\Windows\\BITS",
        "RegItemValueName": "DisableBranchCache",
        "RegItemValueType": "DWord",
        "RegItemValue": "1",
        "OptimizationState": "Apply"
    },
    {
        "RegItemPath": "HKLM:\\SOFTWARE\\Policies\\Microsoft\\Windows\\BITS",
        "RegItemValueName": "DisablePeerCachingClient",
        "RegItemValueType": "DWord",
        "RegItemValue": "1",
        "OptimizationState": "Apply"
    },
    {
        "RegItemPath": "HKLM:\\SOFTWARE\\Policies\\Microsoft\\Windows\\BITS",
        "RegItemValueName": "DisablePeerCachingServer",
        "RegItemValueType": "DWord",
        "RegItemValue": "1",
        "OptimizationState": "Apply"
    },
    {
        "RegItemPath": "HKLM:\\SOFTWARE\\Policies\\Microsoft\\Windows\\BITS",
        "RegItemValueName": "EnablePeerCaching",
        "RegItemValueType": "DWord",
        "RegItemValue": "0",
        "OptimizationState": "Apply"
    },
    {
        "RegItemPath": "HKLM:\\SOFTWARE\\Policies\\Microsoft\\PeerDist\\Service",
        "RegItemValueName": "Enable",
        "RegItemValueType": "DWord",
        "RegItemValue": "0",
        "OptimizationState": "Apply"
    },
    {
        "RegItemPath": "HKLM:\\SOFTWARE\\Policies\\Microsoft\\Windows\\System",
        "RegItemValueName": "DisableLockScreenAppNotifications",
        "RegItemValueType": "DWord",
        "RegItemValue": "1",
        "OptimizationState": "Apply"
    },
    {
        "RegItemPath": "HKLM:\\SOFTWARE\\Policies\\Microsoft\\Windows\\System",
        "RegItemValueName": "DontEnumerateConnectedUsers",
        "RegItemValueType": "DWord",
        "RegItemValue": "1",
        "OptimizationState": "Apply"
    },
    {
        "RegItemPath": "HKLM:\\SOFTWARE\\Policies\\Microsoft\\Windows\\System",
        "RegItemValueName": "EnableFontProviders",
        "RegItemValueType": "DWord",
        "RegItemValue": "0",
        "OptimizationState": "Apply"
    },
    {
        "RegItemPath": "HKLM:\\SOFTWARE\\Policies\\Microsoft\\Windows\\HotspotAuthentication",
        "RegItemValueName": "Apply",
        "RegItemValueType": "DWord",
        "RegItemValue": "0",
        "OptimizationState": "Apply"
    },
    {
        "RegItemPath": "HKLM:\\SOFTWARE\\Policies\\Microsoft\\Peernet",
        "RegItemValueName": "Disabled",
        "RegItemValueType": "DWord",
        "RegItemValue": "0",
        "OptimizationState": "Apply"
    },
    {
        "RegItemPath": "HKLM:\\SOFTWARE\\Policies\\Microsoft\\Windows\\NetCache",
        "RegItemValueName": "Apply",
        "RegItemValueType": "DWord",
        "RegItemValue": "0",
        "OptimizationState": "Apply"
    },
    {
        "RegItemPath": "HKLM:\\SOFTWARE\\Policies\\Microsoft\\Windows\\TCPIP\\v6Transition",
        "RegItemValueName": "Teredo_State",
        "RegItemValueType": "String",
        "RegItemValue": "Disabled",
        "OptimizationState": "Apply"
    },
    {
        "RegItemPath": "HKLM:\\SOFTWARE\\Microsoft\\WcmSvc\\wifinetworkmanager\\config",
        "RegItemValueName": "AutoConnectAllowedOEM",
        "RegItemValueType": "DWord",
        "RegItemValue": "0",
        "OptimizationState": "Apply"
    },
    {
        "RegItemPath": "HKLM:\\SOFTWARE\\Policies\\Microsoft\\Windows\\WwanSvc\\CellularDataAccess",
        "RegItemValueName": "LetAppsAccessCellularData",
        "RegItemValueType": "DWord",
        "RegItemValue": "2",
        "OptimizationState": "Apply"
    },
    {
        "RegItemPath": "HKLM:\\SOFTWARE\\Policies\\Microsoft\\Windows\\WwanSvc\\CellularDataAccess",
        "RegItemValueName": "LetAppsAccessCellularData_ForceAllowTheseApps",
        "RegItemValueType": "MultiString",
        "RegItemValue": "",
        "OptimizationState": "Apply"
    },
    {
        "RegItemPath": "HKLM:\\SOFTWARE\\Policies\\Microsoft\\Windows\\WwanSvc\\CellularDataAccess",
        "RegItemValueName": "LetAppsAccessCellularData_ForceDenyTheseApps",
        "RegItemValueType": "MultiString",
        "RegItemValue": "",
        "OptimizationState": "Apply"
    },
    {
        "RegItemPath": "HKLM:\\SOFTWARE\\Policies\\Microsoft\\Windows\\WwanSvc\\CellularDataAccess",
        "RegItemValueName": "LetAppsAccessCellularData_UserInControlOfTheseApps",
        "RegItemValueType": "MultiString",
        "RegItemValue": "",
        "OptimizationState": "Apply"
    },
    {
        "RegItemPath": "HKLM:\\SOFTWARE\\Policies\\Microsoft\\Windows\\CurrentVersion\\PushNotifications",
        "RegItemValueName": "NoCloudApplicationNotification",
        "RegItemValueType": "DWord",
        "RegItemValue": "1",
        "OptimizationState": "Apply"
    },
    {
        "RegItemPath": "HKLM:\\SOFTWARE\\Policies\\Microsoft\\Windows\\DeviceInstall\\Settings",
        "RegItemValueName": "DisableSystemRestore",
        "RegItemValueType": "DWord",
        "RegItemValue": "1",
        "OptimizationState": "Apply"
    },
    {
        "RegItemPath": "HKLM:\\SOFTWARE\\Policies\\Microsoft\\Windows\\DeviceInstall\\Settings",
        "RegItemValueName": "DisableBalloonTips",
        "RegItemValueType": "DWord",
        "RegItemValue": "1",
        "OptimizationState": "Apply"
    },
    {
        "RegItemPath": "HKLM:\\SOFTWARE\\Policies\\Microsoft\\Windows\\DeviceInstall\\Settings",
        "RegItemValueName": "DisableSendRequestAdditionalSoftwareToWER",
        "RegItemValueType": "DWord",
        "RegItemValue": "1",
        "OptimizationState": "Apply"
    },
    {
        "RegItemPath": "HKLM:\\SOFTWARE\\Policies\\Microsoft\\Windows\\DeviceInstall\\Settings",
        "RegItemValueName": "DisableSendGenericDriverNotFoundToWER",
        "RegItemValueType": "DWord",
        "RegItemValue": "1",
        "OptimizationState": "Apply"
    },
    {
        "RegItemPath": "HKLM:\\SOFTWARE\\Policies\\Microsoft\\Windows\\Device Metadata",
        "RegItemValueName": "PreventDeviceMetadataFromNetwork",
        "RegItemValueType": "DWord",
        "RegItemValue": "1",
        "OptimizationState": "Apply"
    },
    {
        "RegItemPath": "HKLM:\\SYSTEM\\CurrentControlSet\\Policies",
        "RegItemValueName": "NtfsDisable8dot3NameCreation",
        "RegItemValueType": "DWord",
        "RegItemValue": "3",
        "OptimizationState": "Apply"
    },
    {
        "RegItemPath": "HKLM:\\SOFTWARE\\Policies\\Microsoft\\Windows\\System",
        "RegItemValueName": "EnableCdp",
        "RegItemValueType": "DWord",
        "RegItemValue": "0",
        "OptimizationState": "Apply"
    },
    {
        "RegItemPath": "HKLM:\\SOFTWARE\\Policies\\Microsoft\\Windows\\HandwritingErrorReports",
        "RegItemValueName": "PreventHandwritingErrorReports",
        "RegItemValueType": "DWord",
        "RegItemValue": "1",
        "OptimizationState": "Apply"
    },
    {
        "RegItemPath": "HKLM:\\SOFTWARE\\Policies\\Microsoft\\SQMClient\\Windows",
        "RegItemValueName": "CEIPEnable",
        "RegItemValueType": "DWord",
        "RegItemValue": "0",
        "OptimizationState": "Apply"
    },
    {
        "RegItemPath": "HKLM:\\SOFTWARE\\Policies\\Microsoft\\Windows\\DriverSearching",
        "RegItemValueName": "DontSearchWindowsUpdate",
        "RegItemValueType": "DWord",
        "RegItemValue": "1",
        "OptimizationState": "Apply"
    },
    {
        "RegItemPath": "HKLM:\\SOFTWARE\\Policies\\Microsoft\\EventViewer",
        "RegItemValueName": "MicrosoftEventVwrDisableLinks",
        "RegItemValueType": "DWord",
        "RegItemValue": "1",
        "OptimizationState": "Apply"
    },
    {
        "RegItemPath": "HKLM:\\SOFTWARE\\Policies\\Microsoft\\PCHealth\\HelpSvc",
        "RegItemValueName": "Headlines",
        "RegItemValueType": "DWord",
        "RegItemValue": "0",
        "OptimizationState": "Apply"
    },
    {
        "RegItemPath": "HKLM:\\SOFTWARE\\Policies\\Microsoft\\PCHealth\\HelpSvc",
        "RegItemValueName": "MicrosoftKBSearch",
        "RegItemValueType": "DWord",
        "RegItemValue": "0",
        "OptimizationState": "Apply"
    },
    {
        "RegItemPath": "HKLM:\\SOFTWARE\\Policies\\Microsoft\\Windows\\Internet Connection Wizard",
        "RegItemValueName": "ExitOnMSICW",
        "RegItemValueType": "DWord",
        "RegItemValue": "1",
        "OptimizationState": "Apply"
    },
    {
        "RegItemPath": "HKLM:\\SOFTWARE\\Policies\\Microsoft\\Windows\\Registration Wizard Control",
        "RegItemValueName": "NoRegistration",
        "RegItemValueType": "DWord",
        "RegItemValue": "1",
        "OptimizationState": "Apply"
    },
    {
        "RegItemPath": "HKLM:\\SOFTWARE\\Policies\\Microsoft\\SearchCompanion",
        "RegItemValueName": "DisableContentFileUpdates",
        "RegItemValueType": "DWord",
        "RegItemValue": "1",
        "OptimizationState": "Apply"
    },
    {
        "RegItemPath": "HKLM:\\SOFTWARE\\Microsoft\\Windows\\CurrentVersion\\Policies\\Explorer",
        "RegItemValueName": "NoInternetOpenWith",
        "RegItemValueType": "DWord",
        "RegItemValue": "",
        "OptimizationState": "Apply"
    },
    {
        "RegItemPath": "HKLM:\\SOFTWARE\\Microsoft\\Windows\\CurrentVersion\\Policies\\Explorer",
        "RegItemValueName": "NoWebServices",
        "RegItemValueType": "DWord",
        "RegItemValue": "1",
        "OptimizationState": "Apply"
    },
    {
        "RegItemPath": "HKLM:\\SOFTWARE\\Microsoft\\Windows\\CurrentVersion\\Policies\\Explorer",
        "RegItemValueName": "NoOnlinePrintsWizard",
        "RegItemValueType": "DWord",
        "RegItemValue": "1",
        "OptimizationState": "Apply"
    },
    {
        "RegItemPath": "HKLM:\\SOFTWARE\\Microsoft\\Windows\\CurrentVersion\\Policies\\Explorer",
        "RegItemValueName": "NoPublishingWizard",
        "RegItemValueType": "DWord",
        "RegItemValue": "1",
        "OptimizationState": "Apply"
    },
    {
        "RegItemPath": "HKLM:\\SOFTWARE\\Policies\\Microsoft\\Windows\\TabletPC",
        "RegItemValueName": "PreventHandwritingDataSharing",
        "RegItemValueType": "DWord",
        "RegItemValue": "1",
        "OptimizationState": "Apply"
    },
    {
        "RegItemPath": "HKLM:\\SOFTWARE\\Microsoft\\Windows\\CurrentVersion\\Policies\\System",
        "RegItemValueName": "EnableFirstLogonAnimation",
        "RegItemValueType": "DWord",
        "RegItemValue": "0",
        "OptimizationState": "Apply"
    },
    {
        "RegItemPath": "HKLM:\\SOFTWARE\\Policies\\Microsoft\\Windows\\System",
        "RegItemValueName": "EnumerateLocalUsers",
        "RegItemValueType": "DWord",
        "RegItemValue": "0",
        "OptimizationState": "Apply"
    },
    {
        "RegItemPath": "HKLM:\\SOFTWARE\\Policies\\Microsoft\\Windows\\System",
        "RegItemValueName": "DisableAcrylicBackgroundOnLogon",
        "RegItemValueType": "DWord",
        "RegItemValue": "1",
        "OptimizationState": "Apply"
    },
    {
        "RegItemPath": "HKLM:\\SOFTWARE\\Microsoft\\Windows\\CurrentVersion\\Policies\\Explorer",
        "RegItemValueName": "NoWelcomeScreen",
        "RegItemValueType": "DWord",
        "RegItemValue": "1",
        "OptimizationState": "Apply"
    },
    {
        "RegItemPath": "HKLM:\\SOFTWARE\\Policies\\Microsoft\\Power\\PowerSettings\\309dce9b-bef4-4119-9921-a851fb12f0f4",
        "RegItemValueName": "ACSettingIndex",
        "RegItemValueType": "DWord",
        "RegItemValue": "0",
        "OptimizationState": "Apply"
    },
    {
        "RegItemPath": "HKLM:\\SOFTWARE\\Policies\\Microsoft\\Windows\\WinRE",
        "RegItemValueName": "DisableSetup",
        "RegItemValueType": "DWord",
        "RegItemValue": "1",
        "OptimizationState": "Apply"
    },
    {
        "RegItemPath": "HKLM:\\SOFTWARE\\Policies\\Microsoft\\Windows\\StorageHealth",
        "RegItemValueName": "AllowDiskHealthModelUpdates",
        "RegItemValueType": "DWord",
        "RegItemValue": "0",
        "OptimizationState": "Apply"
    },
    {
        "RegItemPath": "HKLM:\\SOFTWARE\\Policies\\Microsoft\\Windows NT\\SystemRestore",
        "RegItemValueName": "DisableSR",
        "RegItemValueType": "DWord",
        "RegItemValue": "1",
        "OptimizationState": "Apply"
    },
    {
        "RegItemPath": "HKLM:\\SOFTWARE\\Microsoft\\Windows\\ScheduledDiagnostics",
        "RegItemValueName": "EnabledExecution",
        "RegItemValueType": "DWord",
        "RegItemValue": "0",
        "OptimizationState": "Apply"
    },
    {
        "RegItemPath": "HKLM:\\SOFTWARE\\Microsoft\\Windows\\ScriptedDiagnosticsProvider\\Policy",
        "RegItemValueName": "EnableQueryRemoteServer",
        "RegItemValueType": "DWord",
        "RegItemValue": "0",
        "OptimizationState": "Disabled"
    },
    {
        "RegItemPath": "HKLM:\\SOFTWARE\\Policies\\Microsoft\\Windows\\ScriptedDiagnostics",
        "RegItemValueName": "EnableDiagnostics",
        "RegItemValueType": "DWord",
        "RegItemValue": "0",
        "OptimizationState": "Apply"
    },
    {
        "RegItemPath": "HKLM:\\SOFTWARE\\Policies\\Microsoft\\Windows\\WDI\\{67144949-5132-4859-8036-a737b43825d8}",
        "RegItemValueName": "ScenarioExecutionEnabled",
        "RegItemValueType": "DWord",
        "RegItemValue": "0",
        "OptimizationState": "Apply"
    },
    {
        "RegItemPath": "HKLM:\\SOFTWARE\\Policies\\Microsoft\\Windows\\WDI\\{eb73b633-3f4e-4ba0-8f60-8f3c6f53168f}",
        "RegItemValueName": "ScenarioExecutionEnabled",
        "RegItemValueType": "DWord",
        "RegItemValue": "0",
        "OptimizationState": "Apply"
    },
    {
        "RegItemPath": "HKLM:\\SOFTWARE\\Policies\\Microsoft\\Windows\\WDI\\{9c5a40da-b965-4fc3-8781-88dd50a6299d}",
        "RegItemValueName": "ScenarioExecutionEnabled",
        "RegItemValueType": "DWord",
        "RegItemValue": "0",
        "OptimizationState": "Apply"
    },
    {
        "RegItemPath": "HKLM:\\SOFTWARE\\Policies\\Microsoft\\Windows\\WDI\\{3af8b24a-c441-4fa4-8c5c-bed591bfa867}",
        "RegItemValueName": "ScenarioExecutionEnabled",
        "RegItemValueType": "DWord",
        "RegItemValue": "0",
        "OptimizationState": "Apply"
    },
    {
        "RegItemPath": "HKLM:\\SOFTWARE\\Policies\\Microsoft\\Windows\\WDI\\{2698178D-FDAD-40AE-9D3C-1371703ADC5B}",
        "RegItemValueName": "ScenarioExecutionEnabled",
        "RegItemValueType": "DWord",
        "RegItemValue": "0",
        "OptimizationState": "Apply"
    },
    {
        "RegItemPath": "HKLM:\\SOFTWARE\\Policies\\Microsoft\\Windows\\WDI\\{ffc42108-4920-4acf-a4fc-8abdcc68ada4}",
        "RegItemValueName": "ScenarioExecutionEnabled",
        "RegItemValueType": "DWord",
        "RegItemValue": "0",
        "OptimizationState": "Apply"
    },
    {
        "RegItemPath": "HKLM:\\SOFTWARE\\Policies\\Microsoft\\Windows\\WDI\\{a7a5847a-7511-4e4e-90b1-45ad2a002f51}",
        "RegItemValueName": "ScenarioExecutionEnabled",
        "RegItemValueType": "DWord",
        "RegItemValue": "0",
        "OptimizationState": "Apply"
    },
    {
        "RegItemPath": "HKLM:\\SOFTWARE\\Policies\\Microsoft\\Windows\\AdvertisingInfo",
        "RegItemValueName": "DisabledByGroupPolicy",
        "RegItemValueType": "DWord",
        "RegItemValue": "1",
        "OptimizationState": "Apply"
    },
    {
        "RegItemPath": "HKLM:\\SOFTWARE\\Policies\\Microsoft\\Windows\\AppCompat",
        "RegItemValueName": "DisableInventory",
        "RegItemValueType": "DWord",
        "RegItemValue": "1",
        "OptimizationState": "Apply"
    },
    {
        "RegItemPath": "HKLM:\\SOFTWARE\\Microsoft\\Windows\\CurrentVersion\\Policies\\Explorer",
        "RegItemValueName": "NoDriveTypeAutoRun",
        "RegItemValueType": "DWord",
        "RegItemValue": "255",
        "OptimizationState": "Apply"
    },
    {
        "RegItemPath": "HKLM:\\SOFTWARE\\Microsoft\\Windows\\CurrentVersion\\Policies\\Explorer",
        "RegItemValueName": "NoAutoRun",
        "RegItemValueType": "DWord",
        "RegItemValue": "1",
        "OptimizationState": "Apply"
    },
    {
        "RegItemPath": "HKLM:\\SOFTWARE\\Policies\\Microsoft\\Windows\\CloudContent",
        "RegItemValueName": "DisableSoftLanding",
        "RegItemValueType": "DWord",
        "RegItemValue": "1",
        "OptimizationState": "Apply"
    },
    {
        "RegItemPath": "HKLM:\\SOFTWARE\\Policies\\Microsoft\\Windows\\CloudContent",
        "RegItemValueName": "DisableWindowsConsumerFeatures",
        "RegItemValueType": "DWord",
        "RegItemValue": "1",
        "OptimizationState": "Apply"
    },
    {
        "RegItemPath": "HKLM:\\SOFTWARE\\Policies\\Microsoft\\Windows\\PreviewBuilds",
        "RegItemValueName": "AllowBuildPreview",
        "RegItemValueType": "DWord",
        "RegItemValue": "0",
        "OptimizationState": "Apply"
    },
    {
        "RegItemPath": "HKLM:\\SOFTWARE\\Policies\\Microsoft\\Windows\\DataCollection",
        "RegItemValueName": "DoNotShowFeedbackNotifications",
        "RegItemValueType": "DWord",
        "RegItemValue": "1",
        "OptimizationState": "Apply"
    },
    {
        "RegItemPath": "HKLM:\\SOFTWARE\\Microsoft\\Windows\\CurrentVersion\\Policies\\DataCollection",
        "RegItemValueName": "MicrosoftEdgeDataOptIn",
        "RegItemValueType": "DWord",
        "RegItemValue": "0",
        "OptimizationState": "Apply"
    },
    {
        "RegItemPath": "HKLM:\\SOFTWARE\\Policies\\Microsoft\\Windows\\DeliveryOptimization",
        "RegItemValueName": "DODownloadMode",
        "RegItemValueType": "DWord",
        "RegItemValue": "99",
        "OptimizationState": "Apply"
    },
    {
        "RegItemPath": "HKLM:\\SOFTWARE\\Policies\\Microsoft\\Windows\\DWM",
        "RegItemValueName": "DisableAccentGradient",
        "RegItemValueType": "DWord",
        "RegItemValue": "1",
        "OptimizationState": "Apply"
    },
    {
        "RegItemPath": "HKLM:\\SOFTWARE\\Policies\\Microsoft\\Windows\\DWM",
        "RegItemValueName": "DisallowAnimations",
        "RegItemValueType": "DWord",
        "RegItemValue": "1",
        "OptimizationState": "Apply"
    },
    {
        "RegItemPath": "HKLM:\\SOFTWARE\\Policies\\Microsoft\\Windows\\EdgeUI",
        "RegItemValueName": "AllowEdgeSwipe",
        "RegItemValueType": "DWord",
        "RegItemValue": "0",
        "OptimizationState": "Apply"
    },
    {
        "RegItemPath": "HKLM:\\SOFTWARE\\Policies\\Microsoft\\Windows\\EdgeUI",
        "RegItemValueName": "DisableHelpSticker",
        "RegItemValueType": "DWord",
        "RegItemValue": "1",
        "OptimizationState": "Apply"
    },
    {
        "RegItemPath": "HKLM:\\SOFTWARE\\Policies\\Microsoft\\Windows\\Explorer",
        "RegItemValueName": "NoNewAppAlert",
        "RegItemValueType": "DWord",
        "RegItemValue": "1",
        "OptimizationState": "Apply"
    },
    {
        "RegItemPath": "HKLM:\\SOFTWARE\\Policies\\Microsoft\\Windows\\FileHistory",
        "RegItemValueName": "Disabled",
        "RegItemValueType": "DWord",
        "RegItemValue": "1",
        "OptimizationState": "Apply"
    },
    {
        "RegItemPath": "HKLM:\\SOFTWARE\\Policies\\Microsoft\\Windows\\HomeGroup",
        "RegItemValueName": "DisableHomeGroup",
        "RegItemValueType": "DWord",
        "RegItemValue": "1",
        "OptimizationState": "Apply"
    },
    {
        "RegItemPath": "HKLM:\\SOFTWARE\\Policies\\Microsoft\\Internet Explorer",
        "RegItemValueName": "AllowServicePoweredQSA",
        "RegItemValueType": "DWord",
        "RegItemValue": "0",
        "OptimizationState": "Apply"
    },
    {
        "RegItemPath": "HKLM:\\SOFTWARE\\Policies\\Microsoft\\Internet Explorer\\Main",
        "RegItemValueName": "EnableAutoUpgrade",
        "RegItemValueType": "DWord",
        "RegItemValue": "0",
        "OptimizationState": "Apply"
    },
    {
        "RegItemPath": "HKLM:\\SOFTWARE\\Policies\\Microsoft\\Internet Explorer\\Suggested Sites",
        "RegItemValueName": "Apply",
        "RegItemValueType": "DWord",
        "RegItemValue": "0",
        "OptimizationState": "Apply"
    },
    {
        "RegItemPath": "HKLM:\\SOFTWARE\\Microsoft\\Windows\\CurrentVersion\\Policies\\Ext",
        "RegItemValueName": "DisableAddonLoadTimePerformanceNotifications",
        "RegItemValueType": "DWord",
        "RegItemValue": "1",
        "OptimizationState": "Apply"
    },
    {
        "RegItemPath": "HKLM:\\SOFTWARE\\Policies\\Microsoft\\Internet Explorer\\Recovery",
        "RegItemValueName": "AutoRecover",
        "RegItemValueType": "DWord",
        "RegItemValue": "2",
        "OptimizationState": "Apply"
    },
    {
        "RegItemPath": "HKLM:\\SOFTWARE\\Policies\\Microsoft\\Internet Explorer\\Geolocation",
        "RegItemValueName": "PolicyDisableGeolocation",
        "RegItemValueType": "DWord",
        "RegItemValue": "1",
        "OptimizationState": "Apply"
    },
    {
        "RegItemPath": "HKLM:\\SOFTWARE\\Policies\\Microsoft\\Internet Explorer\\Main",
        "RegItemValueName": "DisableFirstRunCustomize",
        "RegItemValueType": "DWord",
        "RegItemValue": "1",
        "OptimizationState": "Apply"
    },
    {
        "RegItemPath": "HKLM:\\SOFTWARE\\Policies\\Microsoft\\Internet Explorer\\Infodelivery\\Restrictions",
        "RegItemValueName": "NoSplash",
        "RegItemValueType": "DWord",
        "RegItemValue": "1",
        "OptimizationState": "Apply"
    },
    {
        "RegItemPath": "HKLM:\\SOFTWARE\\Policies\\Microsoft\\Internet Explorer\\Infodelivery\\Restrictions",
        "RegItemValueName": "NoUpdateCheck",
        "RegItemValueType": "DWord",
        "RegItemValue": "1",
        "OptimizationState": "Apply"
    },
    {
        "RegItemPath": "HKLM:\\SOFTWARE\\Policies\\Microsoft\\Internet Explorer\\SQM",
        "RegItemValueName": "DisableCustomerImprovementProgram",
        "RegItemValueType": "DWord",
        "RegItemValue": "0",
        "OptimizationState": "Apply"
    },
    {
        "RegItemPath": "HKLM:\\SOFTWARE\\Policies\\Microsoft\\Internet Explorer\\Main",
        "RegItemValueName": "TabProcGrowth",
        "RegItemValueType": "String",
        "RegItemValue": "Low",
        "OptimizationState": "Apply"
    },
    {
        "RegItemPath": "HKLM:\\SOFTWARE\\Policies\\Microsoft\\Internet Explorer\\Main",
        "RegItemValueName": "Play_Animations",
        "RegItemValueType": "String",
        "RegItemValue": "no",
        "OptimizationState": "Apply"
    },
    {
        "RegItemPath": "HKLM:\\SOFTWARE\\Policies\\Microsoft\\Internet Explorer\\Main",
        "RegItemValueName": "Play_Background_Sounds",
        "RegItemValueType": "String",
        "RegItemValue": "no",
        "OptimizationState": "Apply"
    },
    {
        "RegItemPath": "HKLM:\\SOFTWARE\\Policies\\Microsoft\\Internet Explorer\\Main",
        "RegItemValueName": "Display Inline Videos",
        "RegItemValueType": "String",
        "RegItemValue": "no",
        "OptimizationState": "Apply"
    },
    {
        "RegItemPath": "HKLM:\\SOFTWARE\\Policies\\Microsoft\\Internet Explorer\\FlipAhead",
        "RegItemValueName": "Apply",
        "RegItemValueType": "DWord",
        "RegItemValue": "0",
        "OptimizationState": "Apply"
    },
    {
        "RegItemPath": "HKLM:\\SOFTWARE\\Policies\\Microsoft\\Internet Explorer\\PrefetchPrerender",
        "RegItemValueName": "Apply",
        "RegItemValueType": "DWord",
        "RegItemValue": "0",
        "OptimizationState": "Apply"
    },
    {
        "RegItemPath": "HKLM:\\SOFTWARE\\Policies\\Microsoft\\Internet Explorer\\Main\\FormatDetection",
        "RegItemValueName": "PhoneNumberEnabled",
        "RegItemValueType": "DWord",
        "RegItemValue": "0",
        "OptimizationState": "Apply"
    },
    {
        "RegItemPath": "HKLM:\\SOFTWARE\\Policies\\Microsoft\\Windows\\LocationAndSensors",
        "RegItemValueName": "DisableLocation",
        "RegItemValueType": "DWord",
        "RegItemValue": "1",
        "OptimizationState": "Apply"
    },
    {
        "RegItemPath": "HKLM:\\SOFTWARE\\Policies\\Microsoft\\Windows\\LocationAndSensors",
        "RegItemValueName": "DisableSensors",
        "RegItemValueType": "DWord",
        "RegItemValue": "1",
        "OptimizationState": "Apply"
    },
    {
        "RegItemPath": "HKLM:\\SOFTWARE\\Policies\\Microsoft\\Windows\\LocationAndSensors",
        "RegItemValueName": "DisableWindowsLocationProvider",
        "RegItemValueType": "DWord",
        "RegItemValue": "1",
        "OptimizationState": "Apply"
    },
    {
        "RegItemPath": "HKLM:\\SOFTWARE\\Policies\\Microsoft\\Windows\\Maps",
        "RegItemValueName": "AllowUntriggeredNetworkTrafficOnSettingsPage",
        "RegItemValueType": "DWord",
        "RegItemValue": "0",
        "OptimizationState": "Apply"
    },
    {
        "RegItemPath": "HKLM:\\SOFTWARE\\Policies\\Microsoft\\Windows\\Maps",
        "RegItemValueName": "AutoDownloadAndUpdateMapData",
        "RegItemValueType": "DWord",
        "RegItemValue": "0",
        "OptimizationState": "Apply"
    },
    {
        "RegItemPath": "HKLM:\\SOFTWARE\\Policies\\Microsoft\\Windows\\Messaging",
        "RegItemValueName": "AllowMessageSync",
        "RegItemValueType": "DWord",
        "RegItemValue": "0",
        "OptimizationState": "Apply"
    },
    {
        "RegItemPath": "HKLM:\\SOFTWARE\\Policies\\Microsoft\\MicrosoftEdge\\BooksLibrary",
        "RegItemValueName": "AllowConfigurationUpdateForBooksLibrary",
        "RegItemValueType": "DWord",
        "RegItemValue": "0",
        "OptimizationState": "Apply"
    },
    {
        "RegItemPath": "HKLM:\\SOFTWARE\\Policies\\Microsoft\\MicrosoftEdge\\ServiceUI",
        "RegItemValueName": "AllowWebContentOnNewTabPage",
        "RegItemValueType": "DWord",
        "RegItemValue": "0",
        "OptimizationState": "Apply"
    },
    {
        "RegItemPath": "HKLM:\\SOFTWARE\\Policies\\Microsoft\\MicrosoftEdge\\BooksLibrary",
        "RegItemValueName": "EnableExtendedBooksTelemetry",
        "RegItemValueType": "DWord",
        "RegItemValue": "0",
        "OptimizationState": "Apply"
    },
    {
        "RegItemPath": "HKLM:\\SOFTWARE\\Policies\\Microsoft\\MicrosoftEdge\\Main",
        "RegItemValueName": "AllowPrelaunch",
        "RegItemValueType": "DWord",
        "RegItemValue": "0",
        "OptimizationState": "Apply"
    },
    {
        "RegItemPath": "HKLM:\\SOFTWARE\\Policies\\Microsoft\\MicrosoftEdge\\TabPreloader",
        "RegItemValueName": "AllowTabPreloading",
        "RegItemValueType": "DWord",
        "RegItemValue": "0",
        "OptimizationState": "Apply"
    },
    {
        "RegItemPath": "HKLM:\\SOFTWARE\\Policies\\Microsoft\\MicrosoftEdge\\Main",
        "RegItemValueName": "PreventFirstRunPage",
        "RegItemValueType": "DWord",
        "RegItemValue": "1",
        "OptimizationState": "Apply"
    },
    {
        "RegItemPath": "HKLM:\\SOFTWARE\\Policies\\Microsoft\\Speech",
        "RegItemValueName": "AllowSpeechModelUpdate",
        "RegItemValueType": "DWord",
        "RegItemValue": "0",
        "OptimizationState": "Apply"
    },
    {
        "RegItemPath": "HKLM:\\SOFTWARE\\Policies\\Microsoft\\Windows\\Windows Search",
        "RegItemValueName": "AllowCortanaAboveLock",
        "RegItemValueType": "DWord",
        "RegItemValue": "0",
        "OptimizationState": "Apply"
    },
    {
        "RegItemPath": "HKLM:\\SOFTWARE\\Policies\\Microsoft\\Windows\\Windows Search",
        "RegItemValueName": "AllowSearchToUseLocation",
        "RegItemValueType": "DWord",
        "RegItemValue": "0",
        "OptimizationState": "Apply"
    },
    {
        "RegItemPath": "HKLM:\\SOFTWARE\\Policies\\Microsoft\\WindowsInkWorkspace",
        "RegItemValueName": "AllowWindowsInkWorkspace",
        "RegItemValueType": "DWord",
        "RegItemValue": "0",
        "OptimizationState": "Apply"
    },
    {
        "RegItemPath": "HKLM:\\SOFTWARE\\Policies\\Microsoft\\Windows\\Reliability Analysis\\WMI",
        "RegItemValueName": "WMIEnable",
        "RegItemValueType": "DWord",
        "RegItemValue": "0",
        "OptimizationState": "Apply"
    },
    {
        "RegItemPath": "HKLM:\\SOFTWARE\\Policies\\Microsoft\\Windows\\Windows Search",
        "RegItemValueName": "PreventIndexingUncachedExchangeFolders",
        "RegItemValueType": "DWord",
        "RegItemValue": "1",
        "OptimizationState": "Apply"
    },
    {
        "RegItemPath": "HKLM:\\SOFTWARE\\Policies\\Microsoft\\Windows\\GameDVR",
        "RegItemValueName": "AllowGameDVR",
        "RegItemValueType": "DWord",
        "RegItemValue": "0",
        "OptimizationState": "Apply"
    },
    {
        "RegItemPath": "HKLM:\\SOFTWARE\\Microsoft\\Windows\\CurrentVersion\\Policies\\TextInput",
        "RegItemValueName": "AllowLinguisticDataCollection",
        "RegItemValueType": "DWord",
        "RegItemValue": "0",
        "OptimizationState": "Apply"
    },
    {
        "RegItemPath": "HKLM:\\SOFTWARE\\Policies\\Microsoft\\Windows\\WindowsUpdate\\AU",
        "RegItemValueName": "EnableFeaturedSoftware",
        "RegItemValueType": "DWord",
        "RegItemValue": "0",
        "OptimizationState": "Apply"
    },
    {
        "RegItemPath": "HKLM:\\SOFTWARE\\Policies\\Microsoft\\FindMyDevice",
        "RegItemValueName": "AllowFindMyDevice",
        "RegItemValueType": "DWord",
        "RegItemValue": "0",
        "OptimizationState": "Apply"
    },
    {
        "RegItemPath": "HKCU:\\SOFTWARE\\Policies\\Microsoft\\Windows\\CloudContent",
        "RegItemValueName": "ConfigureWindowsSpotlight",
        "RegItemValueType": "DWord",
        "RegItemValue": "2",
        "OptimizationState": "Apply"
    },
    {
        "RegItemPath": "HKCU:\\SOFTWARE\\Policies\\Microsoft\\Windows\\Explorer",
        "RegItemValueName": "NoRemoteDestinations",
        "RegItemValueType": "DWord",
        "RegItemValue": "1",
        "OptimizationState": "Apply"
    },
    {
        "RegItemPath": "HKCU:\\SOFTWARE\\Microsoft\\Windows\\CurrentVersion\\Policies\\Explorer",
        "RegItemValueName": "NoSearchInternetInStartMenu",
        "RegItemValueType": "DWord",
        "RegItemValue": "1",
        "OptimizationState": "Apply"
    },
    {
        "RegItemPath": "HKCU:\\SOFTWARE\\Policies\\Microsoft\\Windows\\CloudContent",
        "RegItemValueName": "DisableThirdPartySuggestions",
        "RegItemValueType": "DWord",
        "RegItemValue": "1",
        "OptimizationState": "Apply"
    },
    {
        "RegItemPath": "HKCU:\\SOFTWARE\\Policies\\Microsoft\\Windows\\CloudContent",
        "RegItemValueName": "DisableTailoredExperiencesWithDiagnosticData",
        "RegItemValueType": "DWord",
        "RegItemValue": "1",
        "OptimizationState": "Apply"
    },
    {
        "RegItemPath": "HKCU:\\SOFTWARE\\Microsoft\\Windows\\CurrentVersion\\Policies\\Explorer",
        "RegItemValueName": "NoResolveSearch",
        "RegItemValueType": "DWord",
        "RegItemValue": "1",
        "OptimizationState": "Apply"
    },
    {
        "RegItemPath": "HKCU:\\SOFTWARE\\Policies\\Microsoft\\Windows\\Directory UI",
        "RegItemValueName": "QueryLimit",
        "RegItemValueType": "DWord",
        "RegItemValue": "1500",
        "OptimizationState": "Apply"
    },
    {
        "RegItemPath": "HKCU:\\SOFTWARE\\Policies\\Microsoft\\Windows\\Explorer",
        "RegItemValueName": "NoWindowMinimizingShortcuts",
        "RegItemValueType": "DWord",
        "RegItemValue": "1",
        "OptimizationState": "Apply"
    },
    {
        "RegItemPath": "HKCU:\\SOFTWARE\\Microsoft\\Windows\\CurrentVersion\\Policies\\Explorer",
        "RegItemValueName": "TaskbarNoNotification",
        "RegItemValueType": "DWord",
        "RegItemValue": "1",
        "OptimizationState": "Apply"
    },
    {
        "RegItemPath": "HKCU:\\SOFTWARE\\Policies\\Microsoft\\Windows\\CloudContent",
        "RegItemValueName": "DisableWindowsSpotlightFeatures",
        "RegItemValueType": "DWord",
        "RegItemValue": "1",
        "OptimizationState": "Apply"
    },
    {
        "RegItemPath": "HKCU:\\SOFTWARE\\Microsoft\\Windows\\CurrentVersion\\Policies\\Explorer",
        "RegItemValueName": "NoThumbnailCache",
        "RegItemValueType": "DWord",
        "RegItemValue": "1",
        "OptimizationState": "Apply"
    },
    {
        "RegItemPath": "HKCU:\\SOFTWARE\\Policies\\Microsoft\\Windows\\Explorer",
        "RegItemValueName": "DisableSearchBoxSuggestions",
        "RegItemValueType": "DWord",
        "RegItemValue": "1",
        "OptimizationState": "Apply"
    },
    {
        "RegItemPath": "HKCU:\\SOFTWARE\\Policies\\Microsoft\\Windows\\Explorer",
        "RegItemValueName": "NoBalloonFeatureAdvertisements",
        "RegItemValueType": "DWord",
        "RegItemValue": "",
        "OptimizationState": "Apply"
    },
    {
        "RegItemPath": "HKCU:\\SOFTWARE\\Policies\\Microsoft\\Control Panel\\International",
        "RegItemValueName": "TurnOffOfferTextPredictions",
        "RegItemValueType": "DWord",
        "RegItemValue": "1",
        "OptimizationState": "Apply"
    },
    {
        "RegItemPath": "HKCU:\\SOFTWARE\\Policies\\Microsoft\\Windows\\Explorer",
        "RegItemValueName": "DisableThumbsDBOnNetworkFolders",
        "RegItemValueType": "DWord",
        "RegItemValue": "1",
        "OptimizationState": "Apply"
    },
    {
        "RegItemPath": "HKCU:\\SOFTWARE\\Policies\\Microsoft\\Windows\\CurrentVersion\\PushNotifications",
        "RegItemValueName": "NoToastApplicationNotification",
        "RegItemValueType": "DWord",
        "RegItemValue": "1",
        "OptimizationState": "Apply"
    },
    {
        "RegItemPath": "HKCU:\\SOFTWARE\\Policies\\Microsoft\\Windows\\CurrentVersion\\PushNotifications",
        "RegItemValueName": "NoToastApplicationNotificationOnLockScreen",
        "RegItemValueType": "DWord",
        "RegItemValue": "1",
        "OptimizationState": "Apply"
    },
    {
        "RegItemPath": "HKCU:\\SOFTWARE\\Policies\\Microsoft\\Windows\\EdgeUI",
        "RegItemValueName": "DisableMFUTracking",
        "RegItemValueType": "DWord",
        "RegItemValue": "1",
        "OptimizationState": "Apply"
    },
    {
        "RegItemPath": "HKCU:\\SOFTWARE\\Microsoft\\Windows\\CurrentVersion\\Policies\\Explorer",
        "RegItemValueName": "NoInstrumentation",
        "RegItemValueType": "DWord",
        "RegItemValue": "",
        "OptimizationState": "Apply"
    },
    {
        "RegItemPath": "HKCU:\\SOFTWARE\\Policies\\Microsoft\\Edge\\Recommended",
        "RegItemValueName": "StartupBoostEnabled",
        "RegItemValueType": "DWord",
        "RegItemValue": "0",
        "OptimizationState": "Apply"
    },
    {
        "RegItemPath": "HKCU:\\SOFTWARE\\Policies\\Microsoft\\EdgeUpdate",
        "RegItemValueName": "UpdatesSuppressedDurationMin",
        "RegItemValueType": "DWord",
        "RegItemValue": "900",
        "OptimizationState": "Apply"
    },{
        "RegItemPath": "HKCU:\\SOFTWARE\\Policies\\Microsoft\\EdgeUpdate",
        "RegItemValueName": "UpdatesSuppressedStartHour",
        "RegItemValueType": "DWord",
        "RegItemValue": "4",
        "OptimizationState": "Apply"
    },{
        "RegItemPath": "HKCU:\\SOFTWARE\\Policies\\Microsoft\\EdgeUpdate",
        "RegItemValueName": "UpdatesSuppressedStartMin",
        "RegItemValueType": "DWord",
        "RegItemValue": "0",
        "OptimizationState": "Apply"
    }
]
